source	sentiment	speaker	review	url
PC Gamer / official preview	pos	Morgan Park	After 4 hours with Battlefield 6, I think Battlefield is really back this time.	https://www.pcgamer.com/games/fps/after-4-hours-with-battlefield-6-i-think-battlefield-is-really-back-this-time/?utm_source=chatgpt.com
DLCompare (news)	pos	Community writer	The community has embraced Battlefield 6’s return to class‑based gameplay... the beta’s rich content... fueled positive sentiment.	https://www.dlcompare.com/gaming-news/battlefield-6-open-beta-a-triumph-of-engagement-and-refinement?utm_source=chatgpt.com
PC Gamer (news)	neg	Tester / community	Raised concerns about a 'zero recoil' LMG, though confirmed it's realistic and an outlier.	https://www.pcgamer.com/games/fps/people-are-flipping-out-over-recoil-in-battlefield-6-because-of-one-gun-specifically-designed-to-have-no-recoil-in-real-life/?utm_source=chatgpt.com
GamesRadar (news)	neg	Analyst / writer	Raises questions if the new fast-paced movement sacrifices strategic depth.	https://www.gamesradar.com/games/battlefield/battlefield-6-multiplayer-is-faster-than-ever-and-while-im-having-fun-being-a-speedy-soldier-its-playing-against-the-shooters-most-iconic-feature/?utm_source=chatgpt.com
FandomWire (review)	neg	Murky‑String1114	The gunplay is quite underwhelming... it feels underwhelming... high TTK.	https://fandomwire.com/battlefield-6-beta-feedback-gunplay-still-feels-off-and-too-arcadey/?utm_source=chatgpt.com
Reddit (r/PS5)	neg	u/PewPewToDaFace	I don't like how it seems so fast... FPS games have been so mid... Fuuuuck…	https://www.reddit.com/r/PS5/comments/1mebgrt/battlefield_6_is_the_gritty_challenging_allout/?utm_source=chatgpt.com
Reddit (r/Battlefield Pre‑Alpha)	pos	N/A	I’ve been playing… pre‑alpha… I’ve got to say I’m impressed... immersion, the chaos, the sound design.	https://www.reddit.com/r/Battlefield/comments/1kuh69x/battlefield_6_prealpha_my_honest_experience_from/?utm_source=chatgpt.com
Reddit (r/pcgaming)	pos	u/RenatsMC	Managed to try it… It’s Battlefield alright… The tiny details of destruction seem to be back… things feel proper.	https://www.reddit.com/r/pcgaming/comments/1mjtzbd/battlefield_6_open_beta_goes_live_now/?utm_source=chatgpt.com
EA Forums (feedback)	pos	Forum user	The build quality… is great. I have a lot of gripes… class balancing and vehicles.	https://forums.ea.com/discussions/battlefield-6-beta-feedback-en/bf6-general-feedback/12432186?utm_source=chatgpt.com
Windows Central (news)	neg	Community reactions	Skeptical about omission of server browser and fast pace; hopes for strategic integrity.	https://www.windowscentral.com/gaming/battlefield-6-multiplayer-reveal-community-reactions?utm_source=chatgpt.com
